{
	"info": {
		"_postman_id": "c3371422-0809-4934-8647-6ecfef1050b1",
		"name": "CRUD",
		"schema": "https://schema.getpostman.com/json/collection/v2.1.0/collection.json",
		"_exporter_id": "45165011",
		"_collection_link": "https://ingrid-9153671.postman.co/workspace/587317d0-c9cb-49c0-880b-aeb35cc4af3e/collection/45165011-c3371422-0809-4934-8647-6ecfef1050b1?action=share&source=collection_link&creator=45165011"
	},
	"item": [
		{
			"name": "Criar Usuario",
			"request": {
				"method": "POST",
				"header": [],
				"body": {
					"mode": "raw",
					"raw": "{\r\n  \"nome_usuario\": \"Ingrid\",\r\n  \"idade\": 20,\r\n  \"email\": \"ingridchaves127@email.com\",\r\n  \"senha_usuario\": \"123456\",\r\n  \"id_responsavel\": 3\r\n}",
					"options": {
						"raw": {
							"language": "json"
						}
					}
				},
				"url": {
					"raw": "http://localhost:3000/api/usuarios",
					"protocol": "http",
					"host": [
						"localhost"
					],
					"port": "3000",
					"path": [
						"api",
						"usuarios"
					]
				}
			},
			"response": []
		},
		{
			"name": "Método Listar",
			"protocolProfileBehavior": {
				"disableBodyPruning": true
			},
			"request": {
				"method": "GET",
				"header": [],
				"body": {
					"mode": "raw",
					"raw": "{\r\n  \"nome_usuario\": \"Ingrid\",\r\n  \"idade\": 20,\r\n  \"email\": \"ingridchaves127@email.com\",\r\n  \"senha_usuario\": \"123456\",\r\n  \"id_responsavel\": 3\r\n}"
				},
				"url": {
					"raw": "http://localhost:3000/api/usuarios",
					"protocol": "http",
					"host": [
						"localhost"
					],
					"port": "3000",
					"path": [
						"api",
						"usuarios"
					]
				}
			},
			"response": []
		},
		{
			"name": "Buscar por Id",
			"protocolProfileBehavior": {
				"disableBodyPruning": true
			},
			"request": {
				"method": "GET",
				"header": [],
				"body": {
					"mode": "raw",
					"raw": "{\r\n  \"nome_usuario\": \"Ingrid\",\r\n  \"idade\": 20,\r\n  \"email\": \"ingridchaves127@email.com\",\r\n  \"senha_usuario\": \"123456\",\r\n  \"id_responsavel\": 3\r\n}"
				},
				"url": {
					"raw": "http://localhost:3000/api/usuarios/4",
					"protocol": "http",
					"host": [
						"localhost"
					],
					"port": "3000",
					"path": [
						"api",
						"usuarios",
						"4"
					]
				},
				"description": "Método Listar (GET)"
			},
			"response": []
		},
		{
			"name": "Atualizar Usuario",
			"request": {
				"method": "PUT",
				"header": [],
				"body": {
					"mode": "raw",
					"raw": "{\r\n  \"nome_usuario\": \"Ingrid NOVA\",\r\n  \"idade\": 25,\r\n  \"email\": \"novo@email.com\",\r\n  \"senha_usuario\": \"novasenha153\",\r\n  \"id_responsavel\": 3\r\n}",
					"options": {
						"raw": {
							"language": "json"
						}
					}
				},
				"url": {
					"raw": "http://localhost:3000/api/usuarios/ID",
					"protocol": "http",
					"host": [
						"localhost"
					],
					"port": "3000",
					"path": [
						"api",
						"usuarios",
						"ID"
					]
				}
			},
			"response": []
		},
		{
			"name": "Deletar Usuario",
			"request": {
				"method": "DELETE",
				"header": [],
				"body": {
					"mode": "raw",
					"raw": "{\r\n  \"nome_usuario\": \"Ingrid NOVA\",\r\n  \"idade\": 25,\r\n  \"email\": \"novo@email.com\",\r\n  \"senha_usuario\": \"novasenha153\",\r\n  \"id_responsavel\": 3\r\n}"
				},
				"url": {
					"raw": "http://localhost:3000/api/usuarios/2",
					"protocol": "http",
					"host": [
						"localhost"
					],
					"port": "3000",
					"path": [
						"api",
						"usuarios",
						"2"
					]
				}
			},
			"response": []
		},
		{
			"name": "Criar Usuario Responsaveis",
			"request": {
				"auth": {
					"type": "noauth"
				},
				"method": "POST",
				"header": [],
				"body": {
					"mode": "raw",
					"raw": "{\r\n  \"nome\": \"Teste\",\r\n  \"email\": \"teste@email.com\",\r\n  \"senha_responsavel\": \"82365\"\r\n}",
					"options": {
						"raw": {
							"language": "json"
						}
					}
				},
				"url": {
					"raw": "http://localhost:3000/api/responsaveis",
					"protocol": "http",
					"host": [
						"localhost"
					],
					"port": "3000",
					"path": [
						"api",
						"responsaveis"
					]
				}
			},
			"response": []
		},
		{
			"name": "Método Listar Responsaveis",
			"protocolProfileBehavior": {
				"disableBodyPruning": true
			},
			"request": {
				"auth": {
					"type": "noauth"
				},
				"method": "GET",
				"header": [],
				"body": {
					"mode": "raw",
					"raw": "{\r\n  \"nome\": \"Teste\",\r\n  \"email\": \"teste@email.com\",\r\n  \"senha_responsavel\": \"82365\"\r\n}"
				},
				"url": {
					"raw": "http://localhost:3000/api/responsaveis",
					"protocol": "http",
					"host": [
						"localhost"
					],
					"port": "3000",
					"path": [
						"api",
						"responsaveis"
					]
				}
			},
			"response": []
		},
		{
			"name": "Buscar Responsaveis por ID",
			"protocolProfileBehavior": {
				"disableBodyPruning": true
			},
			"request": {
				"auth": {
					"type": "noauth"
				},
				"method": "GET",
				"header": [],
				"body": {
					"mode": "raw",
					"raw": "{\r\n  \"nome\": \"Teste\",\r\n  \"email\": \"teste@email.com\",\r\n  \"senha_responsavel\": \"82365\"\r\n}"
				},
				"url": {
					"raw": "http://localhost:3000/api/responsaveis/3",
					"protocol": "http",
					"host": [
						"localhost"
					],
					"port": "3000",
					"path": [
						"api",
						"responsaveis",
						"3"
					]
				}
			},
			"response": []
		},
		{
			"name": "Atualizar Responsavel",
			"request": {
				"auth": {
					"type": "noauth"
				},
				"method": "PUT",
				"header": [],
				"body": {
					"mode": "raw",
					"raw": "{\r\n  \"nome\": \"Novo Nome\",\r\n  \"email\": \"novoemail@email.com\",\r\n  \"senha_responsavel\": \"novasenha\"\r\n}",
					"options": {
						"raw": {
							"language": "json"
						}
					}
				},
				"url": {
					"raw": "http://localhost:3000/api/responsaveis/3",
					"protocol": "http",
					"host": [
						"localhost"
					],
					"port": "3000",
					"path": [
						"api",
						"responsaveis",
						"3"
					]
				}
			},
			"response": []
		},
		{
			"name": "Deleta Responsavel",
			"request": {
				"auth": {
					"type": "noauth"
				},
				"method": "DELETE",
				"header": [],
				"body": {
					"mode": "raw",
					"raw": "{\r\n  \"nome\": \"Novo Nome\",\r\n  \"email\": \"novoemail@email.com\",\r\n  \"senha_responsavel\": \"novasenha\"\r\n}"
				},
				"url": {
					"raw": "http://localhost:3000/api/responsaveis/1",
					"protocol": "http",
					"host": [
						"localhost"
					],
					"port": "3000",
					"path": [
						"api",
						"responsaveis",
						"1"
					]
				}
			},
			"response": []
		},
		{
			"name": "Criar jogos",
			"request": {
				"auth": {
					"type": "noauth"
				},
				"method": "POST",
				"header": [],
				"body": {
					"mode": "raw",
					"raw": "{\r\n  \"nome\": \"Jogo da Memória\",\r\n  \"descricao\": \"Jogo educativo para memória\"\r\n}",
					"options": {
						"raw": {
							"language": "json"
						}
					}
				},
				"url": {
					"raw": "http://localhost:3000/api/jogos",
					"protocol": "http",
					"host": [
						"localhost"
					],
					"port": "3000",
					"path": [
						"api",
						"jogos"
					]
				}
			},
			"response": []
		},
		{
			"name": "listar jogos",
			"protocolProfileBehavior": {
				"disableBodyPruning": true
			},
			"request": {
				"auth": {
					"type": "noauth"
				},
				"method": "GET",
				"header": [],
				"body": {
					"mode": "raw",
					"raw": "{\r\n  \"nome\": \"Novo Nome\",\r\n  \"email\": \"novoemail@email.com\",\r\n  \"senha_responsavel\": \"novasenha\"\r\n}"
				},
				"url": {
					"raw": "http://localhost:3000/api/jogos/1",
					"protocol": "http",
					"host": [
						"localhost"
					],
					"port": "3000",
					"path": [
						"api",
						"jogos",
						"1"
					]
				}
			},
			"response": []
		},
		{
			"name": "listar jogos poi ID",
			"request": {
				"auth": {
					"type": "noauth"
				},
				"method": "PUT",
				"header": [],
				"body": {
					"mode": "raw",
					"raw": "{\r\n  \"nome\": \"Jogo da Memória Atualizado\",\r\n  \"descricao\": \"Nova descrição para o jogo\"\r\n}",
					"options": {
						"raw": {
							"language": "json"
						}
					}
				},
				"url": {
					"raw": "http://localhost:3000/api/jogos/1",
					"protocol": "http",
					"host": [
						"localhost"
					],
					"port": "3000",
					"path": [
						"api",
						"jogos",
						"1"
					]
				}
			},
			"response": []
		},
		{
			"name": "Atualizar Jogos",
			"request": {
				"auth": {
					"type": "noauth"
				},
				"method": "PUT",
				"header": [],
				"body": {
					"mode": "raw",
					"raw": "{\r\n  \"nome\": \"Jogo da Memória Atualizado\",\r\n  \"descricao\": \"Nova descrição para o jogo\"\r\n}",
					"options": {
						"raw": {
							"language": "json"
						}
					}
				},
				"url": {
					"raw": "http://localhost:3000/api/jogos/1",
					"protocol": "http",
					"host": [
						"localhost"
					],
					"port": "3000",
					"path": [
						"api",
						"jogos",
						"1"
					]
				}
			},
			"response": []
		},
		{
			"name": "Deletar Jogos",
			"request": {
				"auth": {
					"type": "noauth"
				},
				"method": "DELETE",
				"header": [],
				"body": {
					"mode": "raw",
					"raw": "{\r\n  \"nome\": \"Jogo da Memória Atualizado\",\r\n  \"descricao\": \"Nova descrição para o jogo\"\r\n}",
					"options": {
						"raw": {
							"language": "json"
						}
					}
				},
				"url": {
					"raw": "http://localhost:3000/api/jogos/1",
					"protocol": "http",
					"host": [
						"localhost"
					],
					"port": "3000",
					"path": [
						"api",
						"jogos",
						"1"
					]
				}
			},
			"response": []
		},
		{
			"name": "Criar Usuario Persongem",
			"request": {
				"auth": {
					"type": "noauth"
				},
				"method": "POST",
				"header": [],
				"body": {
					"mode": "raw",
					"raw": "{\r\n  \"nome\": \"Leo\",\r\n  \"id_usuario\": 4\r\n}",
					"options": {
						"raw": {
							"language": "json"
						}
					}
				},
				"url": {
					"raw": "http://localhost:3000/api/personagens",
					"protocol": "http",
					"host": [
						"localhost"
					],
					"port": "3000",
					"path": [
						"api",
						"personagens"
					]
				}
			},
			"response": []
		},
		{
			"name": "Listar usuarios perspnagens po ID",
			"protocolProfileBehavior": {
				"disableBodyPruning": true
			},
			"request": {
				"auth": {
					"type": "noauth"
				},
				"method": "GET",
				"header": [],
				"body": {
					"mode": "raw",
					"raw": "{\r\n  \"nome\": \"Leo\",\r\n  \"id_usuario\": 4\r\n}",
					"options": {
						"raw": {
							"language": "json"
						}
					}
				},
				"url": {
					"raw": "http://localhost:3000/api/personagens/2",
					"protocol": "http",
					"host": [
						"localhost"
					],
					"port": "3000",
					"path": [
						"api",
						"personagens",
						"2"
					]
				}
			},
			"response": []
		},
		{
			"name": " Listar usuarios perspnagens",
			"protocolProfileBehavior": {
				"disableBodyPruning": true
			},
			"request": {
				"auth": {
					"type": "noauth"
				},
				"method": "GET",
				"header": [],
				"body": {
					"mode": "raw",
					"raw": "{\r\n  \"nome\": \"Leo\",\r\n  \"id_usuario\": 4\r\n}",
					"options": {
						"raw": {
							"language": "json"
						}
					}
				},
				"url": {
					"raw": "http://localhost:3000/api/personagens",
					"protocol": "http",
					"host": [
						"localhost"
					],
					"port": "3000",
					"path": [
						"api",
						"personagens"
					]
				}
			},
			"response": []
		},
		{
			"name": "Atualizar usuario personagem",
			"request": {
				"auth": {
					"type": "noauth"
				},
				"method": "PUT",
				"header": [],
				"body": {
					"mode": "raw",
					"raw": "{\r\n  \"nome\": \"Leo Atualizado\",\r\n  \"id_usuario\": 2\r\n}",
					"options": {
						"raw": {
							"language": "json"
						}
					}
				},
				"url": {
					"raw": "http://localhost:3000/api/personagens/4",
					"protocol": "http",
					"host": [
						"localhost"
					],
					"port": "3000",
					"path": [
						"api",
						"personagens",
						"4"
					]
				}
			},
			"response": []
		},
		{
			"name": "Deletar usuario personagem",
			"request": {
				"auth": {
					"type": "noauth"
				},
				"method": "DELETE",
				"header": [],
				"body": {
					"mode": "raw",
					"raw": "{\r\n  \"nome\": \"Leo Atualizado\",\r\n  \"id_usuario\": 2\r\n}"
				},
				"url": {
					"raw": "http://localhost:3000/api/personagens/4",
					"protocol": "http",
					"host": [
						"localhost"
					],
					"port": "3000",
					"path": [
						"api",
						"personagens",
						"4"
					]
				}
			},
			"response": []
		},
		{
			"name": "Criar progresso_jogo",
			"protocolProfileBehavior": {
				"disableBodyPruning": true
			},
			"request": {
				"auth": {
					"type": "noauth"
				},
				"method": "GET",
				"header": [],
				"body": {
					"mode": "raw",
					"raw": "{\r\n  \"id_usuario\": 4,\r\n  \"id_jogo\": 2,\r\n  \"nivel_atual\": 2,\r\n  \"pontuacao\": 1500,\r\n  \"ultima_jogada\": \"2025-05-21\"\r\n}",
					"options": {
						"raw": {
							"language": "json"
						}
					}
				},
				"url": {
					"raw": "http://localhost:3000/api/progresso_jogo",
					"protocol": "http",
					"host": [
						"localhost"
					],
					"port": "3000",
					"path": [
						"api",
						"progresso_jogo"
					]
				}
			},
			"response": []
		},
		{
			"name": "listar progresso_jogo",
			"protocolProfileBehavior": {
				"disableBodyPruning": true
			},
			"request": {
				"auth": {
					"type": "noauth"
				},
				"method": "GET",
				"header": [],
				"body": {
					"mode": "raw",
					"raw": "{\r\n  \"id_usuario\": 4,\r\n  \"id_jogo\": 2,\r\n  \"nivel_atual\": 2,\r\n  \"pontuacao\": 1500,\r\n  \"ultima_jogada\": \"2025-05-21\"\r\n}",
					"options": {
						"raw": {
							"language": "json"
						}
					}
				},
				"url": {
					"raw": "http://localhost:3000/api/progresso_jogo",
					"protocol": "http",
					"host": [
						"localhost"
					],
					"port": "3000",
					"path": [
						"api",
						"progresso_jogo"
					]
				}
			},
			"response": []
		},
		{
			"name": "listar progresso_jogo por id",
			"protocolProfileBehavior": {
				"disableBodyPruning": true
			},
			"request": {
				"auth": {
					"type": "noauth"
				},
				"method": "GET",
				"header": [],
				"body": {
					"mode": "raw",
					"raw": "{\r\n  \"id_usuario\": 4,\r\n  \"id_jogo\": 2,\r\n  \"nivel_atual\": 2,\r\n  \"pontuacao\": 1500,\r\n  \"ultima_jogada\": \"2025-05-21\"\r\n}",
					"options": {
						"raw": {
							"language": "json"
						}
					}
				},
				"url": {
					"raw": "http://localhost:3000/api/progresso_jogo/2",
					"protocol": "http",
					"host": [
						"localhost"
					],
					"port": "3000",
					"path": [
						"api",
						"progresso_jogo",
						"2"
					]
				}
			},
			"response": []
		},
		{
			"name": "Atualizar progresso",
			"request": {
				"auth": {
					"type": "noauth"
				},
				"method": "PUT",
				"header": [],
				"body": {
					"mode": "raw",
					"raw": "{\r\n  \"id_usuario\": 4,\r\n  \"id_jogo\": 2,\r\n  \"nivel_atual\": 3,\r\n  \"pontuacao\": 2000,\r\n  \"ultima_jogada\": \"2025-05-22\"\r\n}",
					"options": {
						"raw": {
							"language": "json"
						}
					}
				},
				"url": {
					"raw": "http://localhost:3000/api/progresso_jogo/2",
					"protocol": "http",
					"host": [
						"localhost"
					],
					"port": "3000",
					"path": [
						"api",
						"progresso_jogo",
						"2"
					]
				}
			},
			"response": []
		},
		{
			"name": "Deletar progresso",
			"request": {
				"auth": {
					"type": "noauth"
				},
				"method": "DELETE",
				"header": [],
				"body": {
					"mode": "raw",
					"raw": "{\r\n  \"id_usuario\": 4,\r\n  \"id_jogo\": 2,\r\n  \"nivel_atual\": 3,\r\n  \"pontuacao\": 2000,\r\n  \"ultima_jogada\": \"2025-05-22\"\r\n}",
					"options": {
						"raw": {
							"language": "json"
						}
					}
				},
				"url": {
					"raw": "http://localhost:3000/api/progresso_jogo/2",
					"protocol": "http",
					"host": [
						"localhost"
					],
					"port": "3000",
					"path": [
						"api",
						"progresso_jogo",
						"2"
					]
				}
			},
			"response": []
		},
		{
			"name": "Criar conteudo_educacional",
			"request": {
				"auth": {
					"type": "noauth"
				},
				"method": "POST",
				"header": [],
				"body": {
					"mode": "raw",
					"raw": "{\r\n  \"id_usuario\": 1,\r\n  \"relatorios\": \"Relatório exemplo\",\r\n  \"tempo_uso\": 120,\r\n  \"permissoes\": \"acesso limitado\"\r\n}",
					"options": {
						"raw": {
							"language": "json"
						}
					}
				},
				"url": {
					"raw": "http://localhost:3000/api/conteudo_educacional",
					"protocol": "http",
					"host": [
						"localhost"
					],
					"port": "3000",
					"path": [
						"api",
						"conteudo_educacional"
					]
				}
			},
			"response": []
		},
		{
			"name": " listar conteudo_educacional",
			"protocolProfileBehavior": {
				"disableBodyPruning": true
			},
			"request": {
				"auth": {
					"type": "noauth"
				},
				"method": "GET",
				"header": [],
				"body": {
					"mode": "raw",
					"raw": "{\r\n  \"id_usuario\": 1,\r\n  \"relatorios\": \"Relatório exemplo\",\r\n  \"tempo_uso\": 120,\r\n  \"permissoes\": \"acesso limitado\"\r\n}",
					"options": {
						"raw": {
							"language": "json"
						}
					}
				},
				"url": {
					"raw": "http://localhost:3000/api/conteudo_educacional",
					"protocol": "http",
					"host": [
						"localhost"
					],
					"port": "3000",
					"path": [
						"api",
						"conteudo_educacional"
					]
				}
			},
			"response": []
		},
		{
			"name": " listar conteudo_educacional por ID",
			"protocolProfileBehavior": {
				"disableBodyPruning": true
			},
			"request": {
				"auth": {
					"type": "noauth"
				},
				"method": "GET",
				"header": [],
				"body": {
					"mode": "raw",
					"raw": "{\r\n  \"id_usuario\": 1,\r\n  \"relatorios\": \"Relatório exemplo\",\r\n  \"tempo_uso\": 120,\r\n  \"permissoes\": \"acesso limitado\"\r\n}",
					"options": {
						"raw": {
							"language": "json"
						}
					}
				},
				"url": {
					"raw": "http://localhost:3000/api/conteudo_educacional/1",
					"protocol": "http",
					"host": [
						"localhost"
					],
					"port": "3000",
					"path": [
						"api",
						"conteudo_educacional",
						"1"
					]
				}
			},
			"response": []
		},
		{
			"name": "Atualizar conteudo_educacional ",
			"request": {
				"auth": {
					"type": "noauth"
				},
				"method": "PUT",
				"header": [],
				"body": {
					"mode": "raw",
					"raw": "{\r\n  \"id_usuario\": 1,\r\n  \"relatorios\": \"Relatório atualizado\",\r\n  \"tempo_uso\": 90,\r\n  \"permissoes\": \"acesso moderado\"\r\n}",
					"options": {
						"raw": {
							"language": "json"
						}
					}
				},
				"url": {
					"raw": "http://localhost:3000/api/conteudo_educacional/1",
					"protocol": "http",
					"host": [
						"localhost"
					],
					"port": "3000",
					"path": [
						"api",
						"conteudo_educacional",
						"1"
					]
				}
			},
			"response": []
		},
		{
			"name": "Deletar  conteudo_educacional ",
			"request": {
				"auth": {
					"type": "noauth"
				},
				"method": "DELETE",
				"header": [],
				"body": {
					"mode": "raw",
					"raw": "{\r\n  \"id_usuario\": 1,\r\n  \"relatorios\": \"Relatório atualizado\",\r\n  \"tempo_uso\": 90,\r\n  \"permissoes\": \"acesso moderado\"\r\n}",
					"options": {
						"raw": {
							"language": "json"
						}
					}
				},
				"url": {
					"raw": "http://localhost:3000/api/conteudo_educacional/1",
					"protocol": "http",
					"host": [
						"localhost"
					],
					"port": "3000",
					"path": [
						"api",
						"conteudo_educacional",
						"1"
					]
				}
			},
			"response": []
		},
		{
			"name": "Criar configuracoes",
			"request": {
				"auth": {
					"type": "noauth"
				},
				"method": "POST",
				"header": [],
				"body": {
					"mode": "raw",
					"raw": "{\r\n  \"id_usuario\": 4,\r\n  \"tema\": \"claro\",\r\n  \"volume\": 70,\r\n  \"acessibilidade\": \"modo_alto_contraste\"\r\n}",
					"options": {
						"raw": {
							"language": "json"
						}
					}
				},
				"url": {
					"raw": "http://localhost:3000/api/configuracoes",
					"protocol": "http",
					"host": [
						"localhost"
					],
					"port": "3000",
					"path": [
						"api",
						"configuracoes"
					]
				}
			},
			"response": []
		},
		{
			"name": "listar  configuracoes",
			"protocolProfileBehavior": {
				"disableBodyPruning": true
			},
			"request": {
				"auth": {
					"type": "noauth"
				},
				"method": "GET",
				"header": [],
				"body": {
					"mode": "raw",
					"raw": "{\r\n  \"id_usuario\": 4,\r\n  \"tema\": \"claro\",\r\n  \"volume\": 70,\r\n  \"acessibilidade\": \"modo_alto_contraste\"\r\n}",
					"options": {
						"raw": {
							"language": "json"
						}
					}
				},
				"url": {
					"raw": "http://localhost:3000/api/configuracoes",
					"protocol": "http",
					"host": [
						"localhost"
					],
					"port": "3000",
					"path": [
						"api",
						"configuracoes"
					]
				}
			},
			"response": []
		},
		{
			"name": "listar  configuracoes por ID",
			"protocolProfileBehavior": {
				"disableBodyPruning": true
			},
			"request": {
				"auth": {
					"type": "noauth"
				},
				"method": "GET",
				"header": [],
				"body": {
					"mode": "raw",
					"raw": "{\r\n  \"id_usuario\": 4,\r\n  \"tema\": \"claro\",\r\n  \"volume\": 70,\r\n  \"acessibilidade\": \"modo_alto_contraste\"\r\n}",
					"options": {
						"raw": {
							"language": "json"
						}
					}
				},
				"url": {
					"raw": "http://localhost:3000/api/configuracoes/2",
					"protocol": "http",
					"host": [
						"localhost"
					],
					"port": "3000",
					"path": [
						"api",
						"configuracoes",
						"2"
					]
				}
			},
			"response": []
		},
		{
			"name": "Atualizacoes configuracoes ",
			"request": {
				"auth": {
					"type": "noauth"
				},
				"method": "PUT",
				"header": [],
				"body": {
					"mode": "raw",
					"raw": "{\r\n  \"id_usuario\": 4,\r\n  \"tema\": \"claro\",\r\n  \"volume\": 70,\r\n  \"acessibilidade\": \"modo_alto_contraste\"\r\n}",
					"options": {
						"raw": {
							"language": "json"
						}
					}
				},
				"url": {
					"raw": "http://localhost:3000/api/configuracoes/2",
					"protocol": "http",
					"host": [
						"localhost"
					],
					"port": "3000",
					"path": [
						"api",
						"configuracoes",
						"2"
					]
				}
			},
			"response": []
		},
		{
			"name": "Deletar configuracoes ",
			"request": {
				"auth": {
					"type": "noauth"
				},
				"method": "DELETE",
				"header": [],
				"body": {
					"mode": "raw",
					"raw": "{\r\n  \"id_usuario\": 4,\r\n  \"tema\": \"claro\",\r\n  \"volume\": 70,\r\n  \"acessibilidade\": \"modo_alto_contraste\"\r\n}",
					"options": {
						"raw": {
							"language": "json"
						}
					}
				},
				"url": {
					"raw": "http://localhost:3000/api/configuracoes/2",
					"protocol": "http",
					"host": [
						"localhost"
					],
					"port": "3000",
					"path": [
						"api",
						"configuracoes",
						"2"
					]
				}
			},
			"response": []
		},
		{
			"name": "Criar controle_parental",
			"request": {
				"auth": {
					"type": "noauth"
				},
				"method": "POST",
				"header": [],
				"body": {
					"mode": "raw",
					"raw": "{\r\n  \"id_usuario\": 4,\r\n  \"relatorios\": \"Atividade semanal\",\r\n  \"tempo_uso\": \"2h por dia\",\r\n  \"permissoes\": \"jogos, vídeos\"\r\n}",
					"options": {
						"raw": {
							"language": "json"
						}
					}
				},
				"url": {
					"raw": "http://localhost:3000/api/controle_parental",
					"protocol": "http",
					"host": [
						"localhost"
					],
					"port": "3000",
					"path": [
						"api",
						"controle_parental"
					]
				}
			},
			"response": []
		},
		{
			"name": "listar controle_parental",
			"protocolProfileBehavior": {
				"disableBodyPruning": true
			},
			"request": {
				"auth": {
					"type": "noauth"
				},
				"method": "GET",
				"header": [],
				"body": {
					"mode": "raw",
					"raw": "{\r\n  \"id_usuario\": 4,\r\n  \"relatorios\": \"Atividade semanal\",\r\n  \"tempo_uso\": \"2h por dia\",\r\n  \"permissoes\": \"jogos, vídeos\"\r\n}",
					"options": {
						"raw": {
							"language": "json"
						}
					}
				},
				"url": {
					"raw": "http://localhost:3000/api/controle_parental",
					"protocol": "http",
					"host": [
						"localhost"
					],
					"port": "3000",
					"path": [
						"api",
						"controle_parental"
					]
				}
			},
			"response": []
		},
		{
			"name": "listar controle_parental por ID",
			"protocolProfileBehavior": {
				"disableBodyPruning": true
			},
			"request": {
				"auth": {
					"type": "noauth"
				},
				"method": "GET",
				"header": [],
				"body": {
					"mode": "raw",
					"raw": "{\r\n  \"id_usuario\": 4,\r\n  \"relatorios\": \"Atividade semanal\",\r\n  \"tempo_uso\": \"2h por dia\",\r\n  \"permissoes\": \"jogos, vídeos\"\r\n}",
					"options": {
						"raw": {
							"language": "json"
						}
					}
				},
				"url": {
					"raw": "http://localhost:3000/api/controle_parental/1",
					"protocol": "http",
					"host": [
						"localhost"
					],
					"port": "3000",
					"path": [
						"api",
						"controle_parental",
						"1"
					]
				}
			},
			"response": []
		},
		{
			"name": "Atualizar  controle_parental ",
			"request": {
				"auth": {
					"type": "noauth"
				},
				"method": "PUT",
				"header": [],
				"body": {
					"mode": "raw",
					"raw": "{\r\n  \"id_usuario\": 4,\r\n  \"relatorios\": \"relatorio atualizado\",\r\n  \"tempo_uso\": \"2h por dia\",\r\n  \"permissoes\": \"permitido tudo\"\r\n}",
					"options": {
						"raw": {
							"language": "json"
						}
					}
				},
				"url": {
					"raw": "http://localhost:3000/api/controle_parental/1",
					"protocol": "http",
					"host": [
						"localhost"
					],
					"port": "3000",
					"path": [
						"api",
						"controle_parental",
						"1"
					]
				}
			},
			"response": []
		},
		{
			"name": "Deletar  controle_parental ",
			"request": {
				"auth": {
					"type": "noauth"
				},
				"method": "DELETE",
				"header": [],
				"body": {
					"mode": "raw",
					"raw": "{\r\n  \"id_usuario\": 4,\r\n  \"relatorios\": \"relatorio atualizado\",\r\n  \"tempo_uso\": \"2h por dia\",\r\n  \"permissoes\": \"permitido tudo\"\r\n}",
					"options": {
						"raw": {
							"language": "json"
						}
					}
				},
				"url": {
					"raw": "http://localhost:3000/api/controle_parental/1",
					"protocol": "http",
					"host": [
						"localhost"
					],
					"port": "3000",
					"path": [
						"api",
						"controle_parental",
						"1"
					]
				}
			},
			"response": []
		}
	]
}